NMSE,EVM,ACLR_L,ACLR_R,ACLR_AVG
10.30213057,0.48588212,-14.29417030,-14.17633824,-14.23525427
