NMSE,EVM,ACLR_L,ACLR_R,ACLR_AVG
0.89832996,0.07574616,-22.75639843,-23.54113422,-23.14876633
