NMSE,EVM,ACLR_L,ACLR_R,ACLR_AVG
-0.00000688,-0.00002254,-11.64946270,-12.61824005,-12.13385137
