NMSE,EVM,ACLR_L,ACLR_R,ACLR_AVG
7.73389986,0.35290391,-32.09635893,-29.12642817,-30.61139355
