NMSE,EVM,ACLR_L,ACLR_R,ACLR_AVG
-7.27884448,-13.64849008,-27.63898106,-26.62287161,-27.13092634
