NMSE,EVM,ACLR_L,ACLR_R,ACLR_AVG
7.98694646,0.35624672,-14.44603647,-16.15840964,-15.30222306
