NMSE,EVM,ACLR_L,ACLR_R,ACLR_AVG
1.46231946,-9.31410920,-22.56991149,-22.02377639,-22.29684394
