NMSE,EVM,ACLR_L,ACLR_R,ACLR_AVG
0.37060649,-3.96856783,-19.41060312,-19.44023178,-19.42541745
