NMSE,EVM,ACLR_L,ACLR_R,ACLR_AVG
-5.00383147,-11.07313087,-24.88200441,-23.42307526,-24.15253983
