NMSE,EVM,ACLR_L,ACLR_R,ACLR_AVG
0.21927707,0.03504798,-34.45125612,-42.70425829,-38.57775720
