NMSE,EVM,ACLR_L,ACLR_R,ACLR_AVG
18.68978670,17.27761418,-10.79040569,-10.59122304,-10.69081436
