NMSE,EVM,ACLR_L,ACLR_R,ACLR_AVG
-10.34031462,-11.49153572,-16.11390478,-16.06132627,-16.08761552
