NMSE,EVM,ACLR_L,ACLR_R,ACLR_AVG
17.58576344,17.52575927,-16.11390478,-16.06132627,-16.08761552
