NMSE,EVM,ACLR_L,ACLR_R,ACLR_AVG
-5.12499035,-11.14327128,-24.69768219,-23.51885384,-24.10826802
