NMSE,EVM,ACLR_L,ACLR_R,ACLR_AVG
0.02676018,0.00880700,-20.60931619,-20.33474137,-20.47202878
