NMSE,EVM,ACLR_L,ACLR_R,ACLR_AVG
-7.09424272,-12.73069079,-26.99676157,-26.94447799,-26.97061978
