NMSE,EVM,ACLR_L,ACLR_R,ACLR_AVG
-3.51196012,-11.25910985,-23.52738342,-20.74828913,-22.13783627
