NMSE,EVM,ACLR_L,ACLR_R,ACLR_AVG
17.77967902,16.03615463,-9.00827228,-9.27036819,-9.13932023
