NMSE,EVM,ACLR_L,ACLR_R,ACLR_AVG
8.33118144,4.97870210,-12.06945726,-11.82402515,-11.94674120
