NMSE,EVM,ACLR_L,ACLR_R,ACLR_AVG
2.33086237,0.13177827,-26.18844054,-28.12694917,-27.15769485
