NMSE,EVM,ACLR_L,ACLR_R,ACLR_AVG
-1.90412852,-8.20365207,-20.30789385,-16.99310760,-18.65050073
