NMSE,EVM,ACLR_L,ACLR_R,ACLR_AVG
-7.48496376,-13.45557284,-27.64135406,-27.13503369,-27.38819387
